Name,Description,Material,Color,Current Price,Old Price,Discount,Piece,Best-seller
Shirt Shalwar Dupatta,Front & Back Lawn Printed 2.5m/Sleeves Lawn Printed 0.75m/Lawn Printed Dupatta 2.5m/Shalwar 2.5m/Embroidered Gala/,Lawn,Orange,PKR 3000,,,3Pc,FALSE
Shirt Shalwar Dupatta,Front & Back Lawn Print Embroidered 2.5m/Sleeve Lawn Printed 1.0m/Lawn Printed Dupatta 2.5m/Shalwar 2.5m/,Lawn,Green,PKR 3000,,,3Pc,FALSE
Shirt Shalwar Dupatta,Front & Back Lawn Printed 2.5m/Sleeve Lawn Print Embroidered 1.0m/Lawn Printed Dupatta 2.5m/Shalwar 2.5m/Embroidered Organza Patti/,Lawn,Blue,PKR 3000,,,3Pc,FALSE
Shirt Shalwar Dupatta,Front & Back Lawn Printed 2.5m/Sleeve Lawn Print Embroidered 0.5m/Lawn Printed Dupatta 2.5m/Shalwar 2.5m/,Lawn,Green,PKR 3000,,,3Pc,FALSE
Shirt Shalwar Dupatta,Front & Back Lawn Print Embroidered 2.5m/Sleeve Lawn Print Embroidered 0.5m/Lawn Printed Dupatta 2.5m/Shalwar 2.5m/,Lawn,Black,PKR 3000,,,3Pc,FALSE
Shirt Shalwar Dupatta,Front & Back Lawn Print Embroidered 2.5m/Sleeve Lawn Printed 0.75m/Lawn Printed Dupatta 2.5m/Shalwar 2.5m/,Lawn,Brown,PKR 3000,,,3Pc,FALSE
Shirt Shalwar Dupatta,Front & Back Lawn Print Embroidered 2.5m/Sleeve Lawn Printed 0.75m/Lawn Printed Dupatta 2.5m/Shalwar 2.5m/,Lawn,Red,PKR 3000,,,3Pc,FALSE
Shirt Shalwar Dupatta,Front Lawn Print Embroidered 1.25m/Back Lawn Printed 1.25m/Sleeve Lawn Printed 0.75m/Lawn Printed Dupatta 2.5m/Shalwar 2.5m/,Lawn,Blue,PKR 3000,,,3Pc,FALSE
Shirt Shalwar Dupatta,Front & Back Lawn Printed 2.5m/Sleeves Lawn Printed 0.75m/Lawn Printed Dupatta 2.5m/Shalwar 2.5m/Embroidered Gala/,Lawn,Green,PKR 3000,,,3Pc,FALSE
Shirt Shalwar Dupatta,Front & Back Lawn Print Embroidered 2.5m/Sleeve Lawn Printed 1.0m/Lawn Printed Dupatta 2.5m/Shalwar 2.5m/,Lawn,Blue,PKR 3000,,,3Pc,FALSE
Shirt Shalwar Dupatta,Front & Back Lawn Printed 2.5m/Sleeve Lawn Print Embroidered 1.0m/Lawn Printed Dupatta 2.5m/Shalwar 2.5m/Embroidered Organza Patti/,Lawn,Orange,PKR 3000,,,3Pc,FALSE
Shirt Shalwar Dupatta,Front & Back Lawn Printed 2.5m/Sleeve Lawn Print Embroidered 0.5m/Lawn Printed Dupatta 2.5m/Shalwar 2.5m/,Lawn,Yellow,PKR 3000,,,3Pc,FALSE
Shirt Shalwar Dupatta,Front & Back Lawn Print Embroidered 2.5m/Sleeve Lawn Print Embroidered 0.5m/Lawn Printed Dupatta 2.5m/Shalwar 2.5m/,Lawn,Blue,PKR 3000,,,3Pc,FALSE
Shirt Shalwar Dupatta,Front & Back Lawn Print Embroidered 2.5m/Sleeve Lawn Printed 0.75m/Lawn Printed Dupatta 2.5m/Shalwar 2.5m/,Lawn,Green,PKR 3000,,,3Pc,FALSE
Shirt Shalwar Dupatta,Front & Back Lawn Print Embroidered 2.5m/Sleeve Lawn Printed 0.75m/Lawn Printed Dupatta 2.5m/Shalwar 2.5m/,Lawn,Blue,PKR 3000,,,3Pc,FALSE
Shirt Shalwar Dupatta,Front Lawn Print Embroidered 1.25m/Back Lawn Printed 1.25m/Sleeve Lawn Printed 0.75m/Lawn Printed Dupatta 2.5m/Shalwar 2.5m/,Lawn,Off-White,PKR 3000,,,3Pc,FALSE
Shirt Shalwar Dupatta,Front & Back Lawn Printed 2.5m/Sleeve Lawn Printed 0.75m/Chiffon Printed Dupatta 2.5m/Shalwar 2.5m/,Lawn,Blue,PKR 3500,,,3Pc,FALSE
Shirt Shalwar Dupatta,Lawn Printed Shirt 3.0m/Chiffon Printed Dupatta 2.5m/Shalwar 2.5m/,Lawn,White,PKR 3500,,,3Pc,FALSE
Shirt Shalwar Dupatta,Front & Back Lawn Printed 2.5m/Sleeve Lawn Printed 0.75m/Chiffon Printed Dupatta 2.5m/Shalwar 2.5m/,Lawn,Green,PKR 3500,,,3Pc,FALSE
Shirt Shalwar Dupatta,Front & Back Lawn Printed 2.5m/Sleeve Lawn Printed 0.75m/Chiffon Printed Dupatta 2.5m/Shalwar 2.5m/,Lawn,Green,PKR 3500,,,3Pc,FALSE
Shirt Shalwar Dupatta,Lawn Printed Shirt 3.0m/Chiffon Printed Dupatta 2.5m/Shalwar 2.5m/,Lawn,Yellow,PKR 3500,,,3Pc,FALSE
Shirt Shalwar Dupatta,Front & Back Lawn Printed 2.5m/Sleeve Lawn Printed 0.75m/Chiffon Printed Dupatta 2.5m/Shalwar 2.5m/,Lawn,Black,PKR 3500,,,3Pc,FALSE
Shirt Shalwar Dupatta,Zari Embroidered Velvet Shirt Front 1.25m/Zari Embroidered Velvet Shirt Back 1.25m/Zari Embroidered Velvet Sleeves 0.75m/Zari Embroidered Velvet Border 2.0m/Dyed Velvet Pants 2.5m/Printed Tissue Silk Dupatta 2.5m/,Velvet,Black,PKR 12000,,,3Pc,FALSE
Shirt Shalwar Dupatta,Zari Embroidered Velvet Shirt Front 1.25m/Zari Embroidered Velvet Shirt Back 1.25m/Zari Embroidered Velvet Sleeves 0.75m/Zari Embroidered Velvet Border 2.0m/Dyed Velvet Pants 2.5m/Printed Tissue Silk Dupatta 2.5m/,Velvet,Maroon,PKR 12000,,,3Pc,FALSE
Shirt Shalwar Dupatta,Zari Embroidered Velvet Shirt Front 1.25m/Zari Embroidered Velvet Shirt Back 1.25m/Zari Embroidered Velvet Sleeves 0.75m/Zari Embroidered Velvet Border 2.0m/Dyed Velvet Pants 2.5m/Printed Tissue Silk Dupatta 2.5m/,Velvet,Blue,PKR 12000,,,3Pc,FALSE
Shirt Dupatta,Front & Sleeves Lawn Printed 2.0m/Back Lawn Printed 1.25m/Lawn Printed Dupatta 2.5m/,Lawn,Blue,PKR 1601,,,2Pc,FALSE
Shirt Shalwar Dupatta,Lawn Printed Shirt 3.0m/Lawn Printed Dupatta 2.5m/Shalwar 2.5m/,Lawn,Yellow,PKR 2200,,,3Pc,FALSE
Shirt Shalwar,Front Lawn Printed 1.25m/Back Lawn Printed 1.25m/Sleeves Lawn Printed 0.5m/Shalwar 2.5m/,Lawn,Blue,PKR 1500,,,2Pc,FALSE
Shirt Dupatta,Front & Back-lawn Printed 2.5m/Sleeves Lawn Printed 0.75m/Lawn Printed Dupatta 2.5m/,Lawn,Green,PKR 1601,,,2Pc,FALSE
Shirt Shalwar Dupatta,Front & Sleeves Lawn Printed 2.0m/Lawn Printed Dupatta 2.5m/Shalwar 2.5m/Back-lawn Printed 1.25m/,Lawn,Blue,PKR 2200,,,3Pc,FALSE
Shirt Shalwar,Front Lawn Printed 1.25m/Back Lawn Printed 1.25m/Sleeves Lawn Printed 0.5m/Shalwar 2.5m/,Lawn,Green,PKR 1500,,,2Pc,FALSE
Shirt Dupatta,Lawn Printed Shirt 3.0m/Lawn Printed Dupatta 2.5m/,Lawn,Blue,PKR 1601,,,2Pc,FALSE
Shirt Shalwar Dupatta,Front & Back Lawn Printed 2.5m/Lawn Printed Dupatta 2.5m/Shalwar 2.5m/Sleeves Lawn Printed 0.75m/,Lawn,Purple,PKR 2200,,,3Pc,FALSE
Shirt Shalwar,Front Lawn Printed 1.25m/Back Lawn Printed 1.25m/Sleeves Lawn Printed 0.5m/Shalwar 2.5m/,Lawn,Grey,PKR 1500,,,2Pc,FALSE
Shirt Dupatta,Front Lawn Printed 1.25m/Back & Sleeves Lawn Printed 2.0m/Lawn Printed Dupatta 2.5m/,Lawn,Blue,PKR 1601,,,2Pc,FALSE
Shirt Shalwar Dupatta,Front & Sleeves Lawn Printed 2.0m/Lawn Printed Dupatta 2.5m/Shalwar 2.5m/Back Lawn Printed 1.25m/,Lawn,Green,PKR 2200,,,3Pc,FALSE
Shirt Dupatta,Lawn Printed Shirt 3.0m/Lawn Printed Dupatta 2.5m/,Lawn,Pink,PKR 1601,,,2Pc,FALSE
Shirt Shalwar Dupatta,Front & Sleeves Lawn Printed 2.0m/Lawn Printed Dupatta 2.5m/Shalwar 2.5m/Back Lawn Printed 1.25m/,Lawn,White,PKR 2200,,,3Pc,FALSE
Shirt Dupatta,Lawn Printed Shirt 3.0m/Lawn Printed Dupatta 2.5m/,Lawn,Black,PKR 1601,,,2Pc,FALSE
Shirt Shalwar Dupatta,Front & Back Lawn Printed 2.5m/Lawn Printed Dupatta 2.5m/Shalwar 2.5m/,Lawn,Yellow,PKR 2200,,,3Pc,FALSE
Shirt Shalwar Dupatta,Front & Sleeves Lawn Printed 2.0m/Lawn Printed Dupatta 2.5m/Shalwar 2.5m/Back-lawn Printed 1.25m/,Lawn,Beige,PKR 2200,,,3Pc,FALSE
Shirt Dupatta,Lawn Printed Shirt 3.0m/Lawn Printed Dupatta 2.5m/,Lawn,Green,PKR 1601,,,2Pc,FALSE
Shirt Dupatta,Front Lawn Printed 1.25m/Back & Sleeves Lawn Printed 2.0m/Lawn Printed Dupatta 2.5m/,Lawn,Orange,PKR 1601,,,2Pc,TRUE
Shirt Shalwar Dupatta,Front Lawn Printed 1.25m/Lawn Printed Dupatta 2.5m/Shalwar 2.5m/Back Lawn Printed 1.25m/Sleeves Lawn Printed 0.75m/,Lawn,Green,PKR 2200,,,3Pc,FALSE
Shirt Dupatta,Lawn Printed Shirt 3.0m/Lawn Printed Dupatta 2.5m/,Lawn,Blue,PKR 1601,,,2Pc,FALSE
Shirt Dupatta,Front & Sleeves Lawn Printed 2.0m/Back Lawn Printed 1.25m/Lawn Printed Dupatta 2.5m/,Lawn,Orange,PKR 1601,,,2Pc,FALSE
Shirt Shalwar Dupatta,Lawn Printed Shirt 3.25m/Lawn Printed Dupatta 2.5m/Shalwar 2.5m/,Lawn,Purple,PKR 2200,,,3Pc,FALSE
Shirt Shalwar,Front Lawn Printed 1.25m/Back Lawn Printed 1.25m/Sleeves Lawn Printed 0.5m/Shalwar 2.5m/,Lawn,Green,PKR 1500,,,2Pc,FALSE
Shirt Dupatta,Front & Back-lawn Printed 2.5m/Sleeves Lawn Printed 0.75m/Lawn Printed Dupatta 2.5m/,Lawn,Purple,PKR 1601,,,2Pc,FALSE
Shirt Shalwar Dupatta,Lawn Printed Shirt 3.0m/Lawn Printed Dupatta 2.5m/Shalwar 2.5m/,Lawn,Blue,PKR 2200,,,3Pc,FALSE
Shirt Shalwar,Front Lawn Printed 1.25m/Back Lawn Printed 1.25m/Sleeves Lawn Printed 0.5m/Shalwar 2.5m/,Lawn,Black,PKR 1500,,,2Pc,FALSE
Shirt Dupatta,Lawn Printed Shirt 3.0m/Lawn Printed Dupatta 2.5m/,Lawn,Orange,PKR 1601,,,2Pc,FALSE
Shirt Shalwar Dupatta,Front & Sleeves Lawn Printed 2.0m/Lawn Printed Dupatta 2.5m/Shalwar 2.5m/Back-lawn Printed 1.25m/,Lawn,Beige,PKR 2200,,,3Pc,FALSE
Shirt Shalwar,Front Lawn Printed 1.25m/Back Lawn Printed 1.25m/Sleeves Lawn Printed 0.5m/Shalwar 2.5m/,Lawn,Blue,PKR 1500,,,2Pc,FALSE
Shirt Dupatta,Front Lawn Printed 1.25m/Back & Sleeves Lawn Printed 2.0m/Lawn Printed Dupatta 2.5m/,Lawn,Off-White,PKR 1601,,,2Pc,FALSE
Shirt Shalwar Dupatta,Front & Back Lawn Printed 2.5m/Lawn Printed Dupatta 2.5m/Shalwar 2.5m/Sleeves Lawn Printed 0.75m/,Lawn,Blue,PKR 2200,,,3Pc,FALSE
Shirt Shalwar,Front Lawn Printed 1.25m/Back Lawn Printed 1.25m/Sleeves Lawn Printed 0.5m/Shalwar 2.5m/,Lawn,Beige,PKR 1500,,,2Pc,FALSE
Shirt Dupatta,Lawn Printed Shirt 3.0m/Lawn Printed Dupatta 2.5m/,Lawn,Yellow,PKR 1601,,,2Pc,FALSE
Shirt Shalwar Dupatta,Front & Sleeves Lawn Printed 2.0m/Lawn Printed Dupatta 2.5m/Shalwar 2.5m/Back Lawn Printed 1.25m/,Lawn,Blue,PKR 2200,,,3Pc,FALSE
Shirt Dupatta,Lawn Printed Shirt 3.0m/Lawn Printed Dupatta 2.5m/,Lawn,Blue,PKR 1601,,,2Pc,FALSE
Shirt Shalwar Dupatta,Front & Sleeves Lawn Printed 2.0m/Lawn Printed Dupatta 2.5m/Shalwar 2.5m/Back Lawn Printed 1.25m/,Lawn,Green,PKR 2200,,,3Pc,FALSE
Shirt Shalwar Dupatta,Front & Sleeves Lawn Printed 2.0m/Lawn Printed Dupatta 2.5m/Shalwar 2.5m/Back-lawn Printed 1.25m/,Lawn,Blue,PKR 2200,,,3Pc,FALSE
Shirt Dupatta,Lawn Printed Shirt 3.0m/Lawn Printed Dupatta 2.5m/,Lawn,Grey,PKR 1601,,,2Pc,FALSE
Shirt Shalwar Dupatta,Front & Back Lawn Printed 2.5m/Lawn Printed Dupatta 2.5m/Shalwar 2.5m/,Lawn,Beige,PKR 2200,,,3Pc,FALSE
Shirt Shalwar Dupatta,Front Lawn Printed 1.25m/Lawn Printed Dupatta 2.5m/Shalwar 2.5m/Back Lawn Printed 1.25m/Sleeves Lawn Printed 0.75m/,Lawn,Pink,PKR 2200,,,3Pc,FALSE
Shirt Dupatta,Lawn Printed Shirt 3.0m/Lawn Printed Dupatta 2.5m/,Lawn,Red,PKR 1601,,,2Pc,FALSE
Shirt Dupatta,Front Lawn Printed 1.25m/Back & Sleeves Lawn Printed 2.0m/Lawn Printed Dupatta 2.5m/,Lawn,Blue,PKR 1601,,,2Pc,TRUE
Shirt Shalwar Dupatta,Lawn Printed Shirt 3.25m/Lawn Printed Dupatta 2.5m/Shalwar 2.5m/,Lawn,White,PKR 2200,,,3Pc,FALSE
Shirt Shalwar,Front Lawn Printed 1.25m/Back Lawn Printed 1.25m/Sleeves Lawn Printed 0.5m/Shalwar 2.5m/,Lawn,Yellow,PKR 1500,,,2Pc,FALSE
Shirt Shalwar,Front & Back Khaddar Print Embroidered 2.5m/Sleeve Khaddar Printed 0.75m/Embroidered Shalwar 2.5m/,Khaddar,Yellow,PKR 2500,,,2Pc,FALSE
Shirt Shalwar,Front Khaddar Print Embroidered 1.25m/Back & Sleeve Khaddar Printed 2.0m/Embroidered Shalwar 2.5m/,Khaddar,Purple,PKR 2500,,,2Pc,FALSE
Shirt Shalwar,Front & Back Khaddar Print Embroidered 2.5m/Sleeve Khaddar Printed 0.5m/Embroidered Shalwar 2.5m/,Khaddar,Blue,PKR 2500,,,2Pc,FALSE
Shirt Shalwar Dupatta,Khaddar Printed Shirt 3.0m/Chiffon Printed Dupatta 2.5m/Shalwar 2.5m/,Khaddar,Blue,PKR 3200,,,3Pc,FALSE
Shirt Shalwar,Front Khaddar Print Embroidered 1.25m/Back Khaddar Printed 1.25m/Sleeve Khaddar Printed 0.5m/Shalwar 2.5m/,Khaddar,Black,PKR 2200,,,2Pc,FALSE
Shirt Shalwar,Front Khaddar Printed 1.25m/Back Khaddar Printed 1.25m/Sleeve Khaddar Print Embroidered 0.5m/Shalwar 2.5m/,Khaddar,Yellow,PKR 2200,,,2Pc,FALSE
Shirt Shalwar,Front Khaddar Printed 1.25m/Back Khaddar Printed 1.25m/Sleeve Khaddar Print Embroidered 0.5m/Shalwar 2.5m/,Khaddar,Pink,PKR 2200,,,2Pc,FALSE
Shirt Shalwar,Front Khaddar Printed 1.25m/Back & Sleeve Khaddar Print Embroidered 2.0m/Embroidered Shalwar 2.5m/,Khaddar,Green,PKR 2500,,,2Pc,FALSE
Shirt Shalwar,Front & Back Khaddar Print Embroidered 2.5m/Sleeve Khaddar Printed 0.5m/Embroidered Shalwar 2.5m/,Khaddar,Beige,PKR 2500,,,2Pc,FALSE
Shirt Shalwar,Front & Back Khaddar Print Embroidered 2.5m/Sleeve Khaddar Printed 0.75m/Embroidered Shalwar 2.5m/,Khaddar,Beige,PKR 2500,,,2Pc,FALSE
Shirt Shalwar,Front Khaddar Print Embroidered 1.25m/Back & Sleeve Khaddar Printed 2.0m/Embroidered Shalwar 2.5m/,Khaddar,Green,PKR 2500,,,2Pc,FALSE
Shirt Shalwar Dupatta,Khaddar Printed Shirt 3.0m/Chiffon Printed Dupatta 2.5m/Shalwar 2.5m/,Khaddar,Yellow,PKR 3200,,,3Pc,FALSE
Shirt Shalwar,Front Khaddar Print Embroidered 1.25m/Back Khaddar Printed 1.25m/Sleeve Khaddar Printed 0.5m/Shalwar 2.5m/,Khaddar,Red,PKR 2200,,,2Pc,FALSE
Shirt Shalwar,Front Khaddar Printed 1.25m/Back Khaddar Printed 1.25m/Sleeve Khaddar Print Embroidered 0.5m/Shalwar 2.5m/,Khaddar,Grey,PKR 2200,,,2Pc,FALSE
Shirt Shalwar,Front Khaddar Print Embroidered 1.25m/Back Khaddar Printed 1.25m/Sleeve Khaddar Printed 0.5m/Shalwar 2.5m/,Khaddar,Green,PKR 2200,,,2Pc,FALSE
Shirt Shalwar,Front Khaddar Printed 1.25m/Back & Sleeve Khaddar Print Embroidered 2.0m/Embroidered Shalwar 2.5m/,Khaddar,Grey,PKR 2500,,,2Pc,TRUE
Shirt Shalwar,Digital Printed PV Front 1.25m/Digital Printed PV Back 1.25m/Digital Printed PV Sleeve 0.5m/Shalwar 2.5m/,Poly Viscose,Orange,PKR 1400,,,2Pc,FALSE
Shirt Shalwar,Front & Back PV Printed 2.5m/Sleeve PV Print Embroidered 0.5m/Shalwar 2.5m/Embroidered Patti/,Poly Viscose,Black,PKR 2200,,,2Pc,FALSE
Shirt Shalwar,Front & Back PV Printed 2.5m/Sleeve PV Print Embroidered 1.0m/Shalwar 2.5m/,Poly Viscose,Yellow,PKR 2200,,,2Pc,FALSE
Shirt Shalwar,Front PV Print Embroidered 1.25m/Back & Sleeve PV Printed 2.0m/Shalwar 2.5m/,Poly Viscose,Green,PKR 2200,,,2Pc,FALSE
Shirt Shalwar Dupatta,Front Khaddar Printed 1.25m/Back Khaddar Printed 1.25m/Sleeve Khaddar Printed 0.5m/Cotton Square Printed Dupatta 2.5m/Shalwar 2.5m/,Khaddar,Beige,PKR 2000,,,3Pc,FALSE
Shirt Shalwar,Digital Printed PV Front 1.25m/Digital Printed PV Back 1.25m/Digital Printed PV Sleeve 0.5m/Shalwar 2.5m/,Poly Viscose,Green,PKR 1400,,,2Pc,FALSE
Shirt Shalwar,Front PV Print Embroidered 3.0m/Shalwar 2.5m/,Poly Viscose,Grey,PKR 2200,,,2Pc,FALSE
Shirt Shalwar,Front & Back PV Printed 2.5m/Sleeve PV Print Embroidered 1.0m/Shalwar 2.5m/,Poly Viscose,Blue,PKR 2200,,,2Pc,FALSE
Shirt Shalwar,Front PV Print Embroidered 1.25m/Back & Sleeve PV Printed 2.0m/Shalwar 2.5m/,Poly Viscose,Red,PKR 2200,,,2Pc,FALSE
Shirt Shalwar,Front PV Print Embroidered 1.25m/Back PV Printed 1.25m/Sleeve PV Printed 0.5m/Shalwar 2.5m/,Poly Viscose,Purple,PKR 2200,,,2Pc,FALSE
Shirt Shalwar Dupatta,Front Light Khaddar Print Embroidered 1.25m/Back Light Khaddar Printed 1.25m/Sleeve Light Khaddar Printed 0.5m/Light Khaddar Printed Dupatta 2.5m/Shalwar 2.5m/,Light Khaddar,Blue,PKR 2900,,,3Pc,FALSE
Shirt Shalwar,Front PV Printed 1.25m/Back PV Printed 1.25m/Sleeve PV Print Embroidered 0.5m/Shalwar 2.5m/,Poly Viscose,Orange,PKR 2200,,,2Pc,FALSE
Shirt Shalwar Dupatta,Front Light Khaddar Print Embroidered 1.25m/Back Light Khaddar Printed 1.25m/Sleeve Light Khaddar Printed 0.5m/Light Khaddar Printed Dupatta 2.5m/Shalwar 2.5m/,Light Khaddar,Green,PKR 2900,,,3Pc,FALSE
Shirt Shalwar,Front PV Printed 1.25m/Back PV Printed 1.25m/Sleeve PV Print Embroidered 0.5m/Shalwar 2.5m/,Poly Viscose,Green,PKR 2200,,,2Pc,FALSE
Shirt Shalwar Dupatta,Front Light Khaddar Print Embroidered 1.25m/Back Light Khaddar Printed 1.25m/Sleeve Light Khaddar Printed 0.5m/Light Khaddar Printed Dupatta 2.5m/Shalwar 2.5m/,Light Khaddar,Blue,PKR 2900,,,3Pc,FALSE
Shirt Shalwar,Front & Back Khaddar Printed 2.5m/Sleeve Khaddar Printed 0.5m/Shalwar 2.5m/,Khaddar,Pink,PKR 1400,,,2Pc,FALSE
Shirt Shalwar Dupatta,Front Khaddar Print Embroidered 1.25m/Back Khaddar Printed 1.25m/Sleeve Khaddar Printed 0.5m/Khaddar Printed Dupatta 2.5m/Shalwar 2.5m/,Khaddar,Pink,PKR 2900,,,3Pc,FALSE
Shirt Shalwar,Front & Back Khaddar Printed 2.5m/Sleeve Khaddar Printed 0.5m/Shalwar 2.5m/,Khaddar,Purple,PKR 1400,,,2Pc,FALSE
Shirt Shalwar Dupatta,Front Khaddar Printed 1.25m/Back Khaddar Print Embroidered 1.25m/Sleeve Khaddar Print Embroidered 0.5m/Khaddar Printed Dupatta 2.5m/Shalwar 2.5m/,Khaddar,Pink,PKR 2900,,,3Pc,FALSE
Shirt Shalwar Dupatta,Front Khaddar Printed 1.25m/Back Khaddar Printed 1.25m/Sleeve Khaddar Print Embroidered 0.5m/Khaddar Printed Dupatta 2.5m/Shalwar 2.5m/,Khaddar,Orange,PKR 2900,,,3Pc,FALSE
Shirt Shalwar Dupatta,Front Khaddar Printed 1.25m/Back Khaddar Printed 1.25m/Sleeve Khaddar Printed 0.5m/Khaddar Printed Dupatta 2.5m/Shalwar 2.5m/,Khaddar,Yellow,PKR 2000,,,3Pc,TRUE
Shirt Shalwar,Front PV Print Embroidered 1.25m/Back PV Printed 1.25m/Sleeve PV Printed 0.5m/Shalwar 2.5m/,Poly Viscose,Yellow,PKR 2200,,,2Pc,FALSE
Shirt Shalwar Dupatta,Front Light Khaddar Print Embroidered 1.25m/Back Light Khaddar Printed 1.25m/Sleeve Light Khaddar Printed 0.5m/Light Khaddar Printed Dupatta 2.5m/Shalwar 2.5m/,Light Khaddar,Red,PKR 2900,,,3Pc,FALSE
Shirt Shalwar,Front PV Printed 1.25m/Back PV Printed 1.25m/Sleeve PV Print Embroidered 0.5m/Shalwar 2.5m/,Poly Viscose,Off-White,PKR 2200,,,2Pc,FALSE
Shirt Shalwar Dupatta,Front Light Khaddar Print Embroidered 1.25m/Back Light Khaddar Printed 1.25m/Sleeve Light Khaddar Printed 0.5m/Light Khaddar Printed Dupatta 2.5m/Shalwar 2.5m/,Light Khaddar,Beige,PKR 2900,,,3Pc,FALSE
Shirt Shalwar,Front PV Printed 1.25m/Back PV Printed 1.25m/Sleeve PV Print Embroidered 0.5m/Shalwar 2.5m/,Poly Viscose,Blue,PKR 2200,,,2Pc,FALSE
Shirt Shalwar Dupatta,Front Light Khaddar Print Embroidered 1.25m/Back Light Khaddar Printed 1.25m/Sleeve Light Khaddar Printed 0.5m/Light Khaddar Printed Dupatta 2.5m/Shalwar 2.5m/,Light Khaddar,Green,PKR 2900,,,3Pc,FALSE
Shirt Shalwar,Front & Back Khaddar Printed 2.5m/Sleeve Khaddar Printed 0.5m/Shalwar 2.5m/,Khaddar,Green,PKR 1400,,,2Pc,FALSE
Shirt Shalwar Dupatta,Front Khaddar Print Embroidered 1.25m/Back Khaddar Printed 1.25m/Sleeve Khaddar Printed 0.5m/Khaddar Printed Dupatta 2.5m/Shalwar 2.5m/,Khaddar,Purple,PKR 2900,,,3Pc,FALSE
Shirt Shalwar,Front & Back Khaddar Printed 2.5m/Sleeve Khaddar Printed 0.5m/Shalwar 2.5m/,Khaddar,Beige,PKR 1400,,,2Pc,FALSE
Shirt Shalwar Dupatta,Front Khaddar Printed 1.25m/Back Khaddar Print Embroidered 1.25m/Sleeve Khaddar Print Embroidered 0.5m/Khaddar Printed Dupatta 2.5m/Shalwar 2.5m/,Khaddar,Beige,PKR 2900,,,3Pc,FALSE
Shirt Shalwar Dupatta,Front Khaddar Printed 1.25m/Back Khaddar Printed 1.25m/Sleeve Khaddar Print Embroidered 0.5m/Khaddar Printed Dupatta 2.5m/Shalwar 2.5m/,Khaddar,Green,PKR 2900,,,3Pc,FALSE
Shirt Shalwar Dupatta,Front Khaddar Printed 1.25m/Back Khaddar Printed 1.25m/Sleeve Khaddar Printed 0.5m/Khaddar Printed Dupatta 2.5m/Shalwar 2.5m/,Khaddar,Beige,PKR 2000,,,3Pc,TRUE
Shirt Dupatta,Khaddar Printed Shirt 3.0m/Khaddar Printed Dupatta 2.5m/,Khaddar,Beige,PKR 1500,,,2Pc,FALSE
Shirt Shawl,Front & Back Khaddar Print Embroidered 2.5m/Sleeve Khaddar Printed 0.5m/Shawl 2.5m/,Khaddar,Beige,PKR 3200,,,2Pc,FALSE
Shirt Shawl,Front & Back Khaddar Print Embroidered 2.5m/Sleeve Khaddar Printed 0.5m/Shawl 2.5m/,Khaddar,Purple,PKR 3200,,,2Pc,TRUE
Shirt Dupatta,Embroidered Khaddar Printed Shirt 3.0m/Khaddar Printed Dupatta 2.5m/,Karandi,Orange,PKR 2200,,,2Pc,FALSE
Shirt Dupatta,Front & Back Khaddar Print Embroidered 2.5m/Sleeve Khaddar Printed 0.75m/Khaddar Printed Dupatta 2.5m/,Karandi,Grey,PKR 2200,,,2Pc,FALSE
Shirt Dupatta,Front & Back Khaddar Printed 1.25m/Sleeve Khaddar Print Embroidered 0.75m/Khaddar Printed Dupatta 2.5m/,Karandi,Blue,PKR 2200,,,2Pc,FALSE
Shirt Shalwar Dupatta,Front & Back Khaddar Print Embroidered 2.5m/Sleeve Khaddar Printed 0.5m/Printed Khaddar Dupatta 2.5m/Shalwar 2.5m/,Karandi,Orange,PKR 2900,,,3Pc,FALSE
Shirt Shalwar Dupatta,Front & Back Khaddar Print Embroidered 2.5m/Sleeve Khaddar Print Embroidered 0.75m/Printed Khaddar Dupatta 2.5m/Shalwar 2.5m/,Karandi,Blue,PKR 2900,,,3Pc,FALSE
Shirt Shalwar Dupatta,Front & Back Khaddar Printed 2.5m/Sleeve Khaddar Print Embroidered 1.0m/Printed Khaddar Dupatta 2.5m/Shalwar 2.5m/,Karandi,Pink,PKR 2900,,,3Pc,FALSE
Shirt Dupatta,Front & Back Khaddar Print Embroidered 2.5m/Sleeve Khaddar Printed 0.75m/Khaddar Printed Dupatta 2.5m/,Karandi,Brown,PKR 2200,,,2Pc,FALSE
Shirt Dupatta,Front & Back Khaddar Printed 1.25m/Sleeve Khaddar Print Embroidered 0.75m/Khaddar Printed Dupatta 2.5m/,Karandi,Grey,PKR 2200,,,2Pc,FALSE
Shirt Shalwar Dupatta,Front & Back Khaddar Printed 2.5m/Sleeve Khaddar Print Embroidered 0.75m/Printed Khaddar Dupatta 2.5m/Shalwar 2.5m/,Karandi,Blue,PKR 2900,,,3Pc,FALSE
Shirt Shalwar Dupatta,Front & Back Khaddar Print Embroidered 2.5m/Sleeve Khaddar Printed 0.5m/Printed Khaddar Dupatta 2.5m/Shalwar 2.5m/,Karandi,Green,PKR 2900,,,3Pc,FALSE
Shirt Shalwar Dupatta,Front & Back Khaddar Printed 2.5m/Sleeve Khaddar Print Embroidered 1.0m/Printed Khaddar Dupatta 2.5m/Shalwar 2.5m/,Karandi,Yellow,PKR 2900,,,3Pc,FALSE
Shirt Shalwar Dupatta,Embroidered Khaddar Dyed Shirt 3.25m/Printed Shawl 2.5m/Shalwar 2.5m/Embroidered Patti/,Khaddar,Black,PKR 7500,,,3Pc,TRUE
Shirt Shalwar Dupatta,Front Khaddar Print Embroidered 1.25m/Back Khaddar Printed 1.25m/Sleeve Khaddar Printed 1.0m/Chiffon Printed Dupatta 2.5m/Shalwar 2.5m/,Khaddar,Green,PKR 3800,,,3Pc,FALSE
Shirt Shalwar Dupatta,Jacquard Shirt 3.0m/Jacquard Dupatta 2.5m/Shalwar 2.5m/,Jacquard,Beige,PKR 3800,,,3Pc,FALSE
Shirt Shalwar Dupatta,Embroidered Khaddar Dyed Shirt 3.25m/Printed Shawl 2.5m/Shalwar 2.5m/,Khaddar,Pink,PKR 7500,,,3Pc,FALSE
Shirt Shalwar Dupatta,Front & Back Khaddar Printed 2.5m/Sleeve Khaddar Print Embroidered 1.0m/Chiffon Printed Dupatta 2.5m/Shalwar 2.5m/,Khaddar,Pink,PKR 3800,,,3Pc,FALSE
Shirt Shalwar Dupatta,Embroidered Khaddar Dyed Shirt 3.25m/Printed Shawl 2.5m/Shalwar 2.5m/Embroidered Patti/,Khaddar,Blue,PKR 7500,,,3Pc,FALSE
Shirt Shalwar Dupatta,Front & Back Khaddar Printed 2.5m/Sleeve Khaddar Print Embroidered 1.0m/Chiffon Printed Dupatta 2.5m/Shalwar 2.5m/,Khaddar,Red,PKR 3800,,,3Pc,FALSE
Shirt Shalwar Dupatta,Embroidered Khaddar Dyed Shirt 3.25m/Printed Shawl 2.5m/Shalwar 2.5m/,Khaddar,Blue,PKR 7500,,,3Pc,FALSE
Shirt Shalwar Dupatta,Embroidered Khaddar Dyed Shirt 3.25m/Printed Shawl 2.5m/Shalwar 2.5m/,Khaddar,Off-White,PKR 7500,,,3Pc,FALSE
Shirt Shalwar,Front & Back Khaddar Printed 2.5m/Sleeve Khaddar Print Embroidered 1.0m/Embroidered Shalwar 2.5m/,Khaddar,Brown,PKR 2500,,,2Pc,FALSE
Shirt Shalwar,Embroidered karandi Shirt 2.5m/Karandi Shalwar 2.0m/,Karandi,Maroon,PKR 2500,,,2Pc,FALSE
Shirt Shalwar Dupatta,Embroidered Khaddar Dyed Shirt 3.25m/Printed Shawl 2.5m/Shalwar 2.5m/,Khaddar,Blue,PKR 7500,,,3Pc,FALSE
Shirt Shalwar,Front & Back Khaddar Print Embroidered 2.5m/Sleeve Khaddar Printed 0.5m/Embroidered Shalwar 2.5m/,Khaddar,Brown,PKR 2500,,,2Pc,FALSE
Shirt Shalwar,Embroidered karandi Shirt 2.5m/Karandi Shalwar 2.0m/,Karandi,Yellow,PKR 2500,,,2Pc,FALSE
Shirt Shalwar Dupatta,Embroidered Khaddar Dyed Shirt 3.25m/Printed Shawl 2.5m/Shalwar 2.5m/,Khaddar,Green,PKR 7500,,,3Pc,FALSE
Shirt Shawl,Front Khaddar Print Embroidered 1.25m/Back & Sleeve Khaddar Printed 2.0m/Shawl 2.5m/,Khaddar,Brown,PKR 3200,,,2Pc,FALSE
Shirt Shalwar Dupatta,Jacquard Shirt 3.0m/Jacquard Dupatta 2.5m/Shalwar 2.5m/,Jacquard,Beige,PKR 3800,,,3Pc,FALSE
Shirt Shalwar Dupatta,Embroidered Khaddar Dyed Shirt 3.25m/Printed Shawl 2.5m/Shalwar 2.5m/,Khaddar,Orange,PKR 7500,,,3Pc,FALSE
Shirt Shawl,Front & Back Khaddar Print Embroidered 2.5m/Sleeve Khaddar Printed 0.5m/Shawl 2.5m/,Khaddar,Green,PKR 3200,,,2Pc,FALSE
Shirt Shalwar Dupatta,Jacquard Shirt 3.0m/Jacquard Dupatta 2.5m/Shalwar 2.5m/,Jacquard,Green,PKR 3800,,,3Pc,FALSE
Shirt Shalwar Dupatta,Embroidered Khaddar Dyed Shirt 3.25m/Printed Shawl 2.5m/Shalwar 2.5m/,Khaddar,Brown,PKR 7500,,,3Pc,FALSE
Shirt Shawl,Front & Back Khaddar Print Embroidered 2.5m/Sleeve Khaddar Printed 0.5m/Shawl 2.5m/,Khaddar,Red,PKR 3200,,,2Pc,FALSE
Shirt Shalwar Dupatta,Jacquard Shirt 3.0m/Jacquard Dupatta 2.5m/Shalwar 2.5m/,Jacquard,Green,PKR 3800,,,3Pc,FALSE
Shirt Shalwar Dupatta,Embroidered Khaddar Dyed Shirt 3.25m/Printed Shawl 2.5m/Shalwar 2.5m/,Khaddar,Grey,PKR 7500,,,3Pc,FALSE
Shirt Shalwar Dupatta,Front Khaddar Print Embroidered 1.25m/Back Khaddar Printed 1.25m/Sleeve Khaddar Printed 1.0m/Chiffon Printed Dupatta 2.5m/Shalwar 2.5m/,Khaddar,Beige,PKR 3800,,,3Pc,FALSE
Shirt Shalwar Dupatta,Jacquard Shirt 3.0m/Jacquard Dupatta 2.5m/Shalwar 2.5m/,Jacquard,Pink,PKR 3800,,,3Pc,FALSE
Shirt Shalwar Dupatta,Embroidered Khaddar Dyed Shirt 3.25m/Printed Shawl 2.5m/Shalwar 2.5m/,Khaddar,Green,PKR 7500,,,3Pc,FALSE
Shirt Shalwar Dupatta,Front & Back Khaddar Printed 2.5m/Sleeve Khaddar Print Embroidered 1.0m/Chiffon Printed Dupatta 2.5m/Shalwar 2.5m/,Khaddar,Beige,PKR 3800,,,3Pc,FALSE
Shirt Shalwar Dupatta,Embroidered Khaddar Dyed Shirt 3.25m/Printed Shawl 2.5m/Shalwar 2.5m/,Khaddar,Green,PKR 7500,,,3Pc,FALSE
Shirt Shalwar Dupatta,Embroidered Khaddar Dyed Shirt 3.25m/Printed Shawl 2.5m/Shalwar 2.5m/,Khaddar,Pink,PKR 7500,,,3Pc,FALSE
Shirt Shalwar,Front & Back Khaddar Printed 2.5m/Sleeve Khaddar Print Embroidered 1.0m/Embroidered Shalwar 2.5m/,Khaddar,Purple,PKR 2500,,,2Pc,FALSE
Shirt Shalwar Dupatta,Embroidered Khaddar Dyed Shirt 3.25m/Printed Shawl 2.5m/Shalwar 2.5m/,Khaddar,Brown,PKR 7500,,,3Pc,FALSE
Shirt Shalwar,Front & Back Khaddar Printed 2.5m/Sleeve Khaddar Print Embroidered 1.0m/Embroidered Shalwar 2.5m/,Khaddar,Green,PKR 2500,,,2Pc,FALSE
Shirt Shalwar,Embroidered karandi Shirt 2.5m/Karandi Shalwar 2.0m/,Karandi,White,PKR 2500,,,2Pc,FALSE
Shirt Shalwar Dupatta,Embroidered Khaddar Dyed Shirt 3.25m/Printed Shawl 2.5m/Shalwar 2.5m/,Khaddar,Grey,PKR 7500,,,3Pc,FALSE
Shirt Shalwar,Front & Back Khaddar Print Embroidered 2.5m/Sleeve Khaddar Printed 0.5m/Embroidered Shalwar 2.5m/,Khaddar,Blue,PKR 2500,,,2Pc,FALSE
Shirt Shalwar Dupatta,Embroidered karandi Shirt 3.25m/Cotton Square Dupatta 2.5m/Karandi Shalwar 2.5m/,Karandi,Green,PKR 3500,,,3Pc,FALSE
Shirt Shalwar Dupatta,Embroidered Khaddar Dyed Shirt 3.25m/Printed Shawl 2.5m/Shalwar 2.5m/,Khaddar,Yellow,PKR 7500,,,3Pc,FALSE
Shirt Shawl,Front Khaddar Print Embroidered 1.25m/Back & Sleeve Khaddar Printed 2.0m/Shawl 2.5m/,Khaddar,Blue,PKR 3200,,,2Pc,FALSE
Shirt Shalwar Dupatta,Jacquard Shirt 3.0m/Jacquard Dupatta 2.5m/Shalwar 2.5m/,Jacquard,Orange,PKR 3800,,,3Pc,FALSE
Shirt Shalwar Dupatta,Embroidered Khaddar Dyed Shirt 3.25m/Printed Shawl 2.5m/Shalwar 2.5m/,Khaddar,Purple,PKR 7500,,,3Pc,FALSE
Shirt Shawl,Front & Back Khaddar Print Embroidered 2.5m/Sleeve Khaddar Printed 0.5m/Shawl 2.5m/,Khaddar,Grey,PKR 3200,,,2Pc,FALSE
Shirt Shalwar Dupatta,Jacquard Shirt 3.0m/Jacquard Dupatta 2.5m/Shalwar 2.5m/,Jacquard,Pink,PKR 3800,,,3Pc,FALSE
Shirt Shalwar Dupatta,Embroidered Khaddar Dyed Shirt 3.25m/Printed Shawl 2.5m/Shalwar 2.5m/,Khaddar,Yellow,PKR 7500,,,3Pc,FALSE
Shirt Shalwar Dupatta,Cambric Schiffli Embroidered Shirt 2.5m/Chiffon Printed Dupatta 2.5m/Shalwar 2.0m/,Schiffli,Green,PKR 6000,,,3Pc,FALSE
Shirt Shalwar,Front Khaddar Printed 1.25m/Back Khaddar Printed 1.25m/Sleeve Khaddar Printed 0.5m/Shalwar 2.5m/,Khaddar,Purple,PKR 1400,,,2Pc,FALSE
Shirt Shalwar,Front Khaddar Printed 1.25m/Back Khaddar Printed 1.25m/Sleeve Khaddar Printed 0.5m/Shalwar 2.5m/,Khaddar,Beige,PKR 1400,,,2Pc,FALSE
Shirt Shalwar,Front PV Printed 1.25m/Back PV Printed 1.25m/Sleeve PV Printed 0.5m/Shalwar 2.5m/,Poly Viscose,Grey,PKR 1400,,,2Pc,FALSE
Shirt Shalwar,Front Khaddar Printed 1.25m/Back Khaddar Printed 1.25m/Sleeve Khaddar Printed 0.5m/Shalwar 2.5m/,Khaddar,Beige,PKR 1400,,,2Pc,FALSE
Shirt Shalwar,Front Khaddar Printed 1.25m/Back Khaddar Printed 1.25m/Sleeve Khaddar Printed 0.5m/Shalwar 2.5m/,Khaddar,Green,PKR 1400,,,2Pc,TRUE
Shirt Shalwar,Front Khaddar Print Embroidered 1.25m/Back Khaddar Printed 1.25m/Sleeve Khaddar Print 0.5m/Shalwar 2.5m/,Khaddar,Grey,PKR 2200,,,2Pc,FALSE
Shirt Shalwar,Front Khaddar Print Embroidered 1.25m/Back Khaddar Printed 1.25m/Sleeve Khaddar Print 0.5m/Shalwar 2.5m/,Khaddar,Pink,PKR 2200,,,2Pc,FALSE
Shirt Shalwar,Front Khaddar Print Embroidered 1.25m/Back Khaddar Printed 1.25m/Sleeve Khaddar Printed 0.5m/Shalwar 2.5m/,Khaddar,Brown,PKR 2200,,,2Pc,FALSE
Shirt Shalwar,Front Khaddar Print Embroidered 1.25m/Back Khaddar Printed 1.25m/Sleeve Khaddar Print 0.5m/Shalwar 2.5m/,Khaddar,Blue,PKR 2200,,,2Pc,FALSE
Shirt Shalwar,Front Khaddar Printed 1.25m/Back Khaddar Printed 1.25m/Sleeve Khaddar Print Embroidered 0.5m/Shalwar 2.5m/Embroidered Patti/,Khaddar,Green,PKR 2200,,,2Pc,FALSE
Shirt Shalwar Dupatta,Front & Back Khaddar Printed 2.5m/Sleeve Khaddar Printed 0.5m/Printed Khaddar Dupatta 2.5m/Shalwar 2.5m/,Khaddar,Yellow,PKR 2000,,,3Pc,FALSE
Shirt Shalwar,Front & Back Cambric Printed 2.5m/Sleeve Cambric Printed 0.75m/Shalwar 2.5m/,Cambric,Blue,PKR 1400,,,2Pc,FALSE
Shirt Shalwar Dupatta,Medium Silk Printed Shirt 3.0m/Tissue Silk Dupatta 2.5m/Cotton Satin Shalwar 2.5m/,Medium Silk,Pink,PKR 9576,,,3Pc,FALSE
Shirt Shalwar Dupatta,Medium Silk Printed Shirt 3.0m/Tissue Silk Dupatta 2.5m/Cotton Satin Shalwar 2.5m/,Medium Silk,Purple,PKR 9576,,,3Pc,FALSE
Shirt Shalwar Dupatta,Medium Silk Printed Shirt 3.0m/Tissue Silk Dupatta 2.5m/Cotton Satin Shalwar 2.5m/,Medium Silk,Beige,PKR 9576,,,3Pc,FALSE
Shirt Shalwar Dupatta,Front & Back Light Khaddar Printed 2.5m/Sleeve Light Khaddar Print Embroidered 1.0m/Printed Light Khaddar Dupatta 2.5m/Shalwar 2.5m/,Light Khaddar,Beige,PKR 2900,,,3Pc,FALSE
Shirt Shalwar Dupatta,Front & Back Light Khaddar Print Embroidered 2.5m/Sleeve Light Khaddar Printed 0.5m/Printed Light Khaddar Dupatta 2.5m/Shalwar 2.5m/,Light Khaddar,Grey,PKR 2900,,,3Pc,FALSE
Shirt Shalwar Dupatta,Front & Back Khaddar Print Embroidered 2.5m/Sleeve Khaddar Printed 0.5m/Khaddar Printed Dupatta 2.5m/Shalwar 2.5m/,Khaddar,Green,PKR 2900,,,3Pc,FALSE
Shirt Shalwar Dupatta,Jacquard Shirt 3.0m/Jacquard Dupatta 2.5m/Shalwar 2.5m/,Jacquard,Blue,PKR 3800,,,3Pc,FALSE
Shirt Shalwar Dupatta,Jacquard Shirt 3.0m/Jacquard Dupatta 2.5m/Shalwar 2.5m/,Jacquard,Green,PKR 3800,,,3Pc,FALSE
Shirt Shalwar Dupatta,Front & Back Light Khaddar Printed 2.5m/Sleeve Light Khaddar Print Embroidered 1.0m/Printed Light Khaddar Dupatta 2.5m/Shalwar 2.5m/,Light Khaddar,Pink,PKR 2900,,,3Pc,FALSE
Shirt Shalwar Dupatta,Embroidered Light Khaddar Printed Shirt 3.0m/Printed Light Khaddar Dupatta 2.5m/Shalwar 2.5m/,Light Khaddar,Green,PKR 2900,,,3Pc,FALSE
Shirt Shalwar Dupatta,Front Light Khaddar Print Embroidered 1.25m/Back & Sleeve Light Khaddar Printed 2.0m/Printed Light Khaddar Dupatta 2.5m/Shalwar 2.5m/,Light Khaddar,Blue,PKR 2900,,,3Pc,FALSE
Shirt Shalwar Dupatta,Jacquard Shirt 3.0m/Jacquard Dupatta 2.5m/Shalwar 2.5m/,Jacquard,Orange,PKR 3800,,,3Pc,FALSE
Shirt Shalwar Dupatta,Jacquard Shirt 3.0m/Jacquard Dupatta 2.5m/Shalwar 2.5m/,Jacquard,Blue,PKR 3800,,,3Pc,FALSE
Shirt Shalwar Dupatta,Jacquard Shirt 3.0m/Jacquard Dupatta 2.5m/Shalwar 2.5m/,Jacquard,Orange,PKR 3800,,,3Pc,FALSE
Shirt Shalwar Dupatta,Front & Back Cambric Print Embroidered 2.5m/Sleeve Cambric Printed 1.0m/Printed Dupatta 2.5m/Shalwar 2.5m/,Cambric,Pink,PKR 2900,,,3Pc,FALSE
Shirt Shalwar Shawl,Embroidered Khaddar Shirt 3.25m/Printed Shawl 2.5m/Shalwar 2.5m/,Khaddar,Green,PKR 7500,,,3Pc,FALSE
Shirt Shalwar,Cambric Printed Shirt 3.0m/Shalwar 2.5m/Embroidered Kora Patti/,Cambric,Orange,PKR 2200,,,2Pc,FALSE
Shirt Shalwar Dupatta,Front & Back Cambric Printed 2.5m/Sleeve Cambric Printed 0.5m/Printed Dupatta 2.5m/Shalwar 2.5m/Embroidered Patti/,Cambric,Purple,PKR 2900,,,3Pc,FALSE
Shirt Shalwar Shawl,Embroidered Khaddar Shirt 3.25m/Printed Shawl 2.5m/Shalwar 2.5m/,Khaddar,Blue,PKR 7500,,,3Pc,FALSE
Shirt Shalwar Dupatta,Front & Back Khaddar Print Embroidered 2.5m/Sleeves Khaddar Printed 0.75m/Chiffon Printed Dupatta 2.5m/Embroidered Shalwar 2.5m/,Khaddar,Grey,PKR 4000,,,3Pc,FALSE
Shirt Shalwar Dupatta,Cambric Printed Shirt 3.0m/Printed Dupatta 2.5m/Shalwar 2.5m/Embroidered Patti/,Cambric,Pink,PKR 2900,,,3Pc,FALSE
Shirt Shalwar Dupatta,Digital Printed Khaddar Embroidered Front 1.25m/Digital Printed Khaddar Back 1.25m/Digital Printed Khaddar Sleeve 0.5m/Cotton Square Dupatta 2.5m/Shalwar 2.5m/,Khaddar,Grey,PKR 2900,,,3Pc,FALSE
Shirt Shalwar Dupatta,Front & Back Khaddar Print Embroidered 2.5m/Sleeves Khaddar Printed Chiffon Printed Dupatta 2.5m/Embroidered Shalwar 2.5m/,Khaddar,Green,PKR 4000,,,3Pc,FALSE
Shirt Shalwar Dupatta,Cambric Printed Shirt 3.0m/Printed Dupatta 2.5m/Shalwar 2.5m/Embroidered Patti/,Cambric,Blue,PKR 2900,,,3Pc,FALSE
Shirt Shalwar Dupatta,Front & Back Khaddar Print Embroidered 2.5m/Sleeves Khaddar Printed 0.75m/Chiffon Printed Dupatta 2.5m/Embroidered Shalwar 2.5m/,Khaddar,Yellow,PKR 4000,,,3Pc,FALSE
Shirt Shalwar Dupatta,Front & Back Cambric Print Embroidered 2.5m/Sleeve Cambric Printed 1.0m/Printed Dupatta 2.5m/Shalwar 2.5m/,Cambric,Yellow,PKR 2900,,,3Pc,FALSE
Shirt Shalwar Dupatta,Front & Back Khaddar Print Embroidered 2.5m/Sleeves Khaddar Printed 0.75m/Chiffon Printed Dupatta 2.5m/Embroidered Shalwar 2.5m/,Khaddar,Pink,PKR 4000,,,3Pc,FALSE
Shirt Shalwar,Front Khaddar Print Embroidered 1.25m/Back Khaddar Printed 1.25m/Sleeve Khaddar Print Embroidered 0.5m/Shalwar 2.5m/,Khaddar,Blue,PKR 2200,,,2Pc,FALSE
Shirt Shalwar Shawl,Embroidered Khaddar Shirt 3.25m/Printed Shawl 2.5m/Shalwar 2.5m/,Khaddar,Yellow,PKR 7500,,,3Pc,FALSE
Shirt Dupatta,Front & Back Cambric Print Embroidered 2.5m/Sleeve Cambric Printed 0.75m/Printed Dupatta 2.5m/,Cambric,Green,PKR 2200,,,2Pc,FALSE
Shirt Shalwar,Cross Hatch Embroidered Shirt 2.5m/Shalwar 2.5m/,Cross Hatch,Green,PKR 2400,,,2Pc,FALSE
Shirt Shalwar Shawl,Embroidered Khaddar Shirt 3.25m/Printed Shawl 2.5m/Shalwar 2.5m/,Khaddar,Pink,PKR 7500,,,3Pc,FALSE
Shirt Shalwar,Front & Back Cambric Print Embroidered 2.5m/Sleeve Cambric Print Embroidered 0.75m/Shalwar 2.5m/,Cambric,Red,PKR 2200,,,2Pc,FALSE
Shirt Shalwar Dupatta,Embroidered Cambric Shirt 3.25m/Printed Dupatta 2.5m/Shalwar 2.5m/,Cambric,Grey,PKR 2900,,,3Pc,FALSE
Shirt Shalwar Shawl,Embroidered Khaddar Shirt 3.25m/Printed Shawl 2.5m/Shalwar 2.5m/,Khaddar,Green,PKR 7500,,,3Pc,FALSE
Shirt Shalwar,Front & Back Cambric Print Embroidered 2.5m/Sleeve Cambric Printed 1.0m/Shalwar 2.5m/,Cambric,Green,PKR 2200,,,2Pc,FALSE
Shirt Shalwar Dupatta,Front & Back Cambric Print Embroidered 2.5m/Sleeve Cambric Printed 1.0m/Printed Dupatta 2.5m/Shalwar 2.5m/,Cambric,Blue,PKR 2900,,,3Pc,FALSE
Shirt Shalwar Shawl,Embroidered Khaddar Shirt 3.25m/Printed Shawl 2.5m/Shalwar 2.5m/,Khaddar,Red,PKR 7500,,,3Pc,FALSE
Shirt Shalwar,Cambric Printed Shirt 3.0m/Shalwar 2.5m/Embroidered Kora Patti/,Cambric,Blue,PKR 2200,,,2Pc,FALSE
Shirt Shalwar Dupatta,Front & Back Cambric Printed 2.5m/Sleeve Cambric Printed 0.5m/Printed Dupatta 2.5m/Shalwar 2.5m/Embroidered Patti/,Cambric,Blue,PKR 2900,,,3Pc,FALSE
Shirt Shalwar Dupatta,Digital Printed Khaddar Embroidered Front 1.25m/Digital Printed Khaddar Back 1.25m/Digital Printed Khaddar Sleeve 0.5m/Cotton Square Dupatta 2.5m/Shalwar 2.5m/,Khaddar,Green,PKR 2900,,,3Pc,FALSE
Shirt Shalwar Dupatta,Front & Back Khaddar Printed 2.5m/Sleeves Khaddar Print Embroidered 1.0m/Chiffon Printed Dupatta 2.5m/Embroidered Shalwar 2.5m/,Khaddar,Yellow,PKR 4000,,,3Pc,FALSE
Shirt Shalwar Dupatta,Cambric Printed Shirt 3.0m/Printed Dupatta 2.5m/Shalwar 2.5m/Embroidered Patti/,Cambric,Beige,PKR 2900,,,3Pc,FALSE
Shirt Shalwar Dupatta,Front & Back Khaddar Print Embroidered 2.5m/Sleeves Khaddar Printed 0.75m/Chiffon Printed Dupatta 2.5m/Embroidered Shalwar 2.5m/,Khaddar,Red,PKR 4000,,,3Pc,FALSE
Shirt Shalwar Dupatta,Cambric Printed Shirt 3.0m/Printed Dupatta 2.5m/Shalwar 2.5m/Embroidered Patti/,Cambric,Beige,PKR 2900,,,3Pc,FALSE
Shirt Shalwar Dupatta,Front & Back Khaddar Print Embroidered 2.5m/Sleeves Khaddar Printed 0.75m/Chiffon Printed Dupatta 2.5m/Embroidered Shalwar 2.5m/,Khaddar,Brown,PKR 4000,,,3Pc,FALSE
Shirt Shalwar Dupatta,Front & Back Cambric Print Embroidered 2.5m/Sleeve Cambric Printed 1.0m/Printed Dupatta 2.5m/Shalwar 2.5m/,Cambric,Green,PKR 2900,,,3Pc,FALSE
Shirt Shalwar Shawl,Embroidered Khaddar Shirt 3.25m/Printed Shawl 2.5m/Shalwar 2.5m/,Khaddar,Orange,PKR 7500,,,3Pc,FALSE
Shirt Shalwar,Front Khaddar Print Embroidered 1.25m/Back Khaddar Printed 1.25m/Sleeve Khaddar Print Embroidered 0.5m/Shalwar 2.5m/,Khaddar,Green,PKR 2200,,,2Pc,FALSE
Shirt Shalwar Shawl,Embroidered Khaddar Shirt 3.25m/Printed Shawl 2.5m/Shalwar 2.5m/,Khaddar,Brown,PKR 7500,,,3Pc,FALSE
Shirt Shalwar,Front & Back Cambric Printed 2.5m/Sleeve Cambric Print Embroidered 0.75m/Shalwar 2.5m/,Cambric,Yellow,PKR 2200,,,2Pc,FALSE
Shirt Shalwar Shawl,Embroidered Khaddar Shirt 3.25m/Printed Shawl 2.5m/Shalwar 2.5m/,Khaddar,Grey,PKR 7500,,,3Pc,FALSE
Shirt Shalwar Dupatta,Embroidered Cambric Shirt 3.25m/Printed Dupatta 2.5m/Shalwar 2.5m/,Cambric,Pink,PKR 2900,,,3Pc,FALSE
Shirt Shalwar,Front & Back Cambric Print Embroidered 2.5m/Sleeve Cambric Printed 1.0m/Shalwar 2.5m/,Cambric,Yellow,PKR 2200,,,2Pc,FALSE
Shirt Shalwar Dupatta,Front & Back Cambric Printed 2.5m/Sleeve Cambric Print Embroidered 0.5m/Printed Dupatta 2.5m/Shalwar 2.5m/,Cambric,Orange,PKR 2900,,,3Pc,FALSE
Shirt Shalwar Dupatta,Embroidered Cambric Print Shirt 3.25m/Printed Dupatta 2.5m/Shalwar 2.5m/,Cambric,Beige,PKR 2900,,,3Pc,FALSE
Shirt Shalwar,Embroidered Cambric Print Shirt 3.0m/Shalwar 2.5m/,Cambric,Green,PKR 2200,,,2Pc,FALSE
Shirt Shalwar,Front & Back Cambric Print Embroidered 2.5m/Sleeve Cambric Printed 0.75m/Shalwar 2.5m/,Cambric,Green,PKR 2200,,,2Pc,FALSE
Shirt Shalwar,Cross Hatch Embroidered Shirt 3.25m/Shalwar 2.5m/,Cross Hatch,Beige,PKR 2400,,,2Pc,FALSE
Shirt Shalwar Dupatta,Front & Back Cambric Print Embroidered 2.5m/Sleeve Cambric Printed 0.5m/Printed Dupatta 2.5m/Shalwar 2.5m/,Cambric,Pink,PKR 2900,,,3Pc,FALSE
Shirt Shalwar Dupatta,Front & Back Cambric Printed 2.5m/Sleeve Cambric Print Embroidered 0.5m/Printed Dupatta 2.5m/Shalwar 2.5m/,Cambric,Green,PKR 2900,,,3Pc,FALSE
Shirt Shalwar,Embroidered Cambric Print Shirt 3.0m/Shalwar 2.5m/,Cambric,Purple,PKR 2200,,,2Pc,FALSE
Shirt Shalwar,Front & Back Cambric Print Embroidered 2m/Back Cambric Printed 1.25m/Shalwar 2.5m/,Cambric,Blue,PKR 2200,,,2Pc,FALSE
Shirt Shalwar,Front & Back Cambric Print Embroidered 2.5m/Sleeve Cambric Printed 0.75m/Shalwar 2.5m/,Cambric,Blue,PKR 2200,,,2Pc,FALSE
Shirt Shalwar,Embroidered Lawn Print Shirt length 3.25m/Shalwar length 2.5m/,Lawn,Grey,PKR 1915,PKR 2736,30%,2Pc,FALSE
Shirt Shalwar Dupatta,Front Lawn Print 1.25m/Back & Sleeve Lawn Embroidered 2.0m/Lawn Printed Dupatta 2.5m/Shalwar 2.5m/,Lawn,Grey,PKR 2474,PKR 3534,30%,3Pc,FALSE
Shirt Dupatta,Front & Back Lawn Print Embroidered 2.5m/Sleeve Lawn Printed 0.75m/Lawn Printed Dupatta 2.5m/,Lawn,Beige,PKR 1995,PKR 2850,30%,2Pc,FALSE
Shirt Shalwar,Front & Back Lawn Print Embroidered length 2.5m/Sleeve Lawn Printed length 0.75m/Shalwar length 2.5m/,Lawn,Beige,PKR 1915,PKR 2736,30%,2Pc,FALSE
Shirt Shalwar Dupatta,Embroidered Lawn Print Shirt length 3.25m/Lawn Printed Dupatta length 2.5m/Shalwar length 2.5m/,Lawn,Grey,PKR 2474,PKR 3534,30%,3Pc,FALSE
Shirt Shalwar,Front & Back Lawn Print Embroidered length 2.5m/Sleeve Lawn Printed length 0.75m/Shalwar length 2.5m/,Lawn,Black,PKR 1915,PKR 2736,30%,2Pc,FALSE
Shirt Shalwar,Front Lawn Print Embroidered 1.25m/Back Lawn Printed 1.25m/Sleeve Lawn Printed 0.5m/Embroidered Shalwar 2.5m/,Lawn,Grey,PKR 2155,PKR 3078,30%,2Pc,FALSE
Shirt Shalwar Dupatta,Front Lawn Printed length 1.25m/Back Lawn Printed length 1.25m/Sleeve Lawn Printed length 0.5m/Chiffon Printed Dupatta length 2.5m/Embroidered Shalwar length 2.5m/Embroidered Organza Patti/,Lawn,Beige,PKR 3352,PKR 4788,30%,3Pc,FALSE
Shirt Dupatta,Front Cambric Printed length 1.25m/Back & Sleeve Cambric Print Embroidered length 2.0m/Printed Dupatta length 2.5m/,Cambric,Brown,PKR 2200,,,2Pc,FALSE
Shirt Shalwar Dupatta,Front Lawn Printed length 1.25m/Back Lawn Printed length 1.25m/Sleeve Lawn Print Embroidered length 0.5m/Chiffon Printed Dupatta length 2.5m/Embroidered Shalwar length 2.5m/,Lawn,Black,PKR 3352,PKR 4788,30%,3Pc,FALSE
Shirt Shalwar,Embroidered Lawn Print Shirt length 3.25m/Shalwar length 2.5m/,Lawn,Green,PKR 1915,PKR 2736,30%,2Pc,FALSE
Shirt Dupatta,Front Cambric Printed length 1.25m/Back & Sleeve Cambric Print Embroidered length 2.0m/Printed Dupatta length 2.5m/,Cambric,Yellow,PKR 2200,,,2Pc,FALSE
Shirt Shalwar Dupatta,Front Lawn Printed length 1.25m/Back Lawn Printed length 1.25m/Sleeve Lawn Printed length 0.5m/Chiffon Printed Dupatta length 2.5m/Embroidered Shalwar length 2.5m/Embroidered Organza Patti/,Lawn,Blue,PKR 3352,PKR 4788,30%,3Pc,FALSE
Shirt Shalwar Dupatta,Front Lawn Printed length 1.25m/Back Lawn Printed length 1.25m/Sleeve Lawn Print Embroidered length 0.5m/Chiffon Printed Dupatta length 2.5m/Embroidered Shalwar length 2.5m/,Lawn,Grey,PKR 3352,PKR 4788,30%,3Pc,FALSE
Shirt Shalwar,Front & Back Lawn Print Embroidered length 2.5m/Sleeve Lawn Printed length 0.75m/Shalwar length 2.5m/,Lawn,Blue,PKR 1915,PKR 2736,30%,2Pc,FALSE
Shirt Shalwar,Embroidered Lawn Print Shirt length 3.25m/Shalwar length 2.5m/,Lawn,Brown,PKR 1915,PKR 2736,30%,2Pc,FALSE
Shirt Dupatta,Front Cambric Printed length 1.25m/Back & Sleeve Cambric Print Embroidered length 2.0m/Printed Dupatta length 2.5m/,Cambric,Green,PKR 2200,,,2Pc,FALSE
Shirt Shalwar Dupatta,Front Lawn Printed length 1.25m/Back Lawn Printed length 1.25m/Sleeve Lawn Print Embroidered length 0.5m/Chiffon Printed Dupatta length 2.5m/Embroidered Shalwar length 2.5m/,Lawn,Yellow,PKR 3352,PKR 4788,30%,3Pc,FALSE
Shirt Shalwar Dupatta,Front & Back Lawn Printed length 2.5m/Sleeve Lawn Print Embroidered length 0.75m/Lawn Printed Dupatta length 2.5m/Shalwar length 2.5m/,Lawn,Blue,PKR 2474,PKR 3534,30%,3Pc,FALSE
Shirt Shalwar,Embroidered Lawn Print Shirt length 3.25m/Shalwar length 2.5m/,Lawn,Green,PKR 1915,PKR 2736,30%,2Pc,FALSE
Shirt Shalwar Dupatta,Front Lawn Print Embroidered 1.25m/Back & Sleeve Lawn Printed 2.0m/Lawn Printed Dupatta 2.5m/Shalwar 2.5m/,Lawn,Blue,PKR 2474,PKR 3534,30%,3Pc,FALSE
Shirt Shalwar,Front Lawn Print Embroidered 1.25m/Back Lawn Printed 1.25m/Sleeve Lawn Printed 0.5m/Embroidered Shalwar 2.5m/,Lawn,Pink,PKR 2155,PKR 3078,30%,2Pc,FALSE
Shirt Shalwar,Front Lawn Print Embroidered 1.25m/Back Lawn Printed 1.25m/Sleeve Lawn Printed 0.5m/Embroidered Shalwar 2.5m/,Lawn,Green,PKR 2155,PKR 3078,30%,2Pc,FALSE
Shirt Shalwar,Front Lawn Print Embroidered 1.25m/Back Lawn Printed 1.25m/Sleeve Lawn Printed 0.5m/Embroidered Shalwar 2.5m/,Lawn,Purple,PKR 2155,PKR 3078,30%,2Pc,FALSE
Shirt Shalwar,Front Lawn Print Embroidered 1.25m/Back Lawn Printed 1.25m/Sleeve Lawn Printed 0.5m/Embroidered Shalwar 2.5m/,Lawn,Blue,PKR 2155,PKR 3078,30%,2Pc,FALSE
Shirt Shalwar Dupatta,Front & Back Lawn Print Embroidered 2.5m/Sleeve Lawn Printed 1.0m/Lawn Printed Dupatta 2.5m/Shalwar 2.5m/,Lawn,Beige,PKR 2474,PKR 3534,30%,3Pc,FALSE
Shirt Shalwar,Front Lawn Print Embroidered 1.25m/Back Lawn Printed 1.25m/Sleeve Lawn Printed 0.5m/Embroidered Shalwar 2.5m/,Lawn,Yellow,PKR 2155,PKR 3078,30%,2Pc,FALSE
Shirt Shalwar,Front Lawn Print Embroidered 1.25m/Back Lawn Printed 1.25m/Sleeve Lawn Printed 0.5m/Embroidered Shalwar 2.5m/,Lawn,Beige,PKR 2155,PKR 3078,30%,2Pc,FALSE
Shirt Shalwar,Front Lawn Print Embroidered 1.25m/Back Lawn Printed 1.25m/Sleeve Lawn Printed 0.5m/Embroidered Shalwar 2.5m/,Lawn,Green,PKR 2155,PKR 3078,30%,2Pc,FALSE
Shirt Shalwar,Front Lawn Print Embroidered 1.25m/Back Lawn Printed 1.25m/Sleeve Lawn Printed 0.5m/Embroidered Shalwar 2.5m/,Lawn,Red,PKR 2155,PKR 3078,30%,2Pc,FALSE
Shirt Dupatta,Front & Sleeve Lawn Print Embroidered 2.0m/Back Lawn Printed 1.25m/Lawn Printed Dupatta 2.5m/,Lawn,Purple,PKR 1995,PKR 2850,30%,2Pc,FALSE
Shirt Shalwar,Front Lawn Print Embroidered 1.25m/Back & Sleeve Lawn Printed 2.0m/Shalwar 2.5m/,Lawn,Blue,PKR 1915,PKR 2736,30%,2Pc,FALSE
Shirt Shalwar,Front Lawn Print Embroidered 1.25m/Back & Sleeve Lawn Printed 2.0m/Shalwar 2.5m/,Lawn,Brown,PKR 1915,PKR 2736,30%,2Pc,FALSE
Shirt Shalwar,Front Lawn Print Embroidered 1.25m/Back Lawn Printed 1.25m/Sleeve Lawn Printed 0.5m/Shalwar 2.5m/,Lawn,Green,PKR 1915,PKR 2736,30%,2Pc,FALSE
Shirt Shalwar,Front Lawn Print Embroidered 1.25m/Back & Sleeve Lawn Printed 2.0m/Shalwar 2.5m/,Lawn,Pink,PKR 1915,PKR 2736,30%,2Pc,FALSE
Shirt Shalwar Dupatta,Embroidered Brosha Shirt 3.25m/Chiffon Printed Dupatta 2.5m/Shalwar 2.5m/,Brosha,Orange,PKR 3751,PKR 5358,30%,3Pc,FALSE
Shirt Shalwar,Front Lawn Printed 1.25m/Back Lawn Printed 1.25m/Sleeve Lawn Print Embroidered 0.5m/Cotton Square Dupatta 2.5m/Shalwar 2.5m/,Lawn,Beige,PKR 2633,PKR 3762,30%,3Pc,FALSE
Shirt Shalwar,Front Lawn Print Embroidered 1.25m/Back Lawn Printed 1.25m/Sleeve Lawn Printed 0.5m/Embroidered Shalwar 2.5m/,Lawn,Blue,PKR 2155,PKR 3078,30%,2Pc,FALSE
Shirt Shalwar Dupatta,Front Lawn Printed length 1.25m/Back Lawn Printed length 1.25m/Sleeve Lawn Printed length 0.5m/Cotton Square Dupatta length 2.5m/Embroidered Shalwar length 2.5m/,Lawn,Black,PKR 2633,PKR 3762,30%,3Pc,FALSE
Shirt Shalwar Dupatta,Embroidered Lawn Print Shirt length 3.25m and Width: 0.96m/Lawn Printed Dupatta length 2.5mand Width: 0.96m/Shalwar length 2.5m and Width: 0.96m/,Lawn,Pink,PKR 2474,PKR 3534,30%,3Pc,FALSE
Shirt Shalwar Dupatta,Front & Back Lawn Printed length 2.5m and Width: 0.96m/Sleeve Lawn Print Embroidered length 1.0m and Width: 0.96m/Lawn Printed Dupatta length 2.5m and Width: 0.96m/Shalwar length 2.5m and Width: 0.96m/,Lawn,Blue,PKR 2474,PKR 3534,30%,3Pc,FALSE
Shirt Shalwar,Front & Back Lawn Printed length 2.5m and Width: 0.96m/Sleeve Lawn Print Embroidered length 0.75m and Width: 0.96m/Embroidered Shalwar length 2.5m and Width: 0.96m/,Lawn,Pink,PKR 2155,PKR 3078,30%,2Pc,FALSE
Shirt Shalwar Dupatta,Front & Sleeve Lawn Print Embroidered 2.0m/Back Lawn Printed 1.25m/Chiffon Printed Dupatta 2.5m/Shalwar 2.5m/,Lawn,Beige,PKR 2953,PKR 4218,30%,3Pc,FALSE
Shirt Shalwar Dupatta,Front Lawn Printed 1.25m/Back Lawn Printed 1.25m/Sleeve Lawn Print Embroidered 0.5m/Chiffon Printed Dupatta 2.5m/Embroidered Shalwar 2.5m/,Lawn,Off-White,PKR 3352,PKR 4788,30%,3Pc,FALSE
Shirt Shalwar,Front & Back Lawn Printed 2.5m/Sleeve lawn Print Embroidered 0.75m/Chiffon Printed Dupatta 2.5m/,Lawn,Purple,PKR 2633,PKR 3762,30%,2Pc,FALSE
Shirt Dupatta,Front Lawn Printed 1.25m/Back & Sleeve Lawn Print Embroidered 2.0m/Chiffon Printed Dupatta 2.5m/,Lawn,Off-White,PKR 2633,PKR 3762,30%,2Pc,FALSE
Shirt Shalwar Dupatta,Front & Sleeve Lawn Print Embroidered 2.0m/Back Lawn Printed 1.25m/Chiffon Printed Dupatta 2.5m/Shalwar 2.5m/,Lawn,Yellow,PKR 2953,PKR 4218,30%,3Pc,FALSE
Shirt Shalwar Dupatta,Embroidered Lawn Print Shirt 3.25m/Chiffon Printed Dupatta 2.5m/Shalwar 2.5m/,Lawn,Blue,PKR 2953,PKR 4218,30%,3Pc,FALSE
Shirt Shalwar Dupatta,Front & Back Lawn Printed 2.5m/Sleeve Lawn Printed 0.75m/Chiffon Printed Dupatta 2.5m/Shalwar 2.5m/,Lawn,Green,PKR 2633,PKR 3762,30%,3Pc,FALSE
Shirt Dupatta,Front & Back Lawn Printed 2.5m/Sleeve lawn Print Embroidered 0.75m/Chiffon Printed Dupatta 2.5m/,Lawn,Yellow,PKR 2633,PKR 3762,30%,2Pc,FALSE
Shirt Shalwar,Yarn Dyed Embroidered Shirt 3.25m/Yarn Dyed Embroidered Shirt Shalwar 2.5m/,Yarn Dyed,Green,PKR 2554,PKR 3648,30%,2Pc,FALSE
Shirt Shalwar,Lawn Printed Shirt 3.0m/Shalwar 2.5m/,Lawn,Off-White,PKR 1357,PKR 1938,30%,2Pc,FALSE
Shirt Shalwar,Front & Back Lawn Printed 2.5m/Sleeve Lawn Printed 0.75m/Shalwar 2.5m/,Lawn,Yellow,PKR 1357,PKR 1938,30%,2Pc,FALSE
Shirt Shalwar,Front Lawn Printed 1.25m/Back & Sleeve Lawn Printed 2.0m/Shalwar 2.5m/,Lawn,Red,PKR 1357,PKR 1938,30%,2Pc,FALSE
Shirt Shalwar Dupatta,Embroidered Lawn Print Shirt length 3.25m and Width: 0.96m/Lawn Printed Dupatta length 2.5m and Width: 0.96m/Shalwar length 2.5m and Width: 0.96m/,Lawn,Green,PKR 2474,PKR 3534,30%,3Pc,FALSE
Shirt Shalwar,Yarn Dyed Embroidered Shirt 3.25m/Yarn Dyed Embroidered Shirt Shalwar 2.5m/,Yarn Dyed,Purple,PKR 2554,PKR 3648,30%,2Pc,FALSE
Shirt Shalwar,Lawn Printed Shirt 3.0m/Shalwar 2.5m/,Lawn,Pink,PKR 1357,PKR 1938,30%,2Pc,FALSE
Shirt Shalwar,Lawn Printed Shirt 3.0m/Shalwar 2.5m/,Lawn,Blue,PKR 1357,PKR 1938,30%,2Pc,FALSE
Shirt Shalwar,Front Lawn Printed 1.25m/Back & Sleeve Lawn Printed 2.0m/Shalwar 2.5m/,Lawn,Yellow,PKR 1357,PKR 1938,30%,2Pc,FALSE
Shirt Shalwar Dupatta,Front Lawn Print Embroidered 1.25m/Back Lawn Printed 1.25m/Sleeve Lawn Print Embroidered 0.5m/Chiffon Printed Dupatta 2.5m/Printed Shalwar 2.5m/,Lawn,Green,PKR 2953,PKR 4218,30%,3Pc,FALSE
Shirt Shalwar Dupatta,Front Lawn Printed Length 1.25m and Width 0.96m/Back Lawn Printed Length 1.25m and Width 0.96m/Sleeve Lawn Print Embroidered Length 0.5m and Width 0.96m/Cotton Square Dupatta Length 2.5m and Width 0.96m/Shalwar Length 2.5m and Width 0.96m/Embroidered Kora Patti/,Lawn,Orange,PKR 2554,PKR 3648,30%,3Pc,FALSE
Shirt Shalwar Dupatta,Embroidered Chiffon Shirt Length 3.0m and Width 0.96m/Printed Chiffon Dupatta Length 2.5m and Width 0.96m/Dyed Inner Fabric Length 2.5m and Width 0.96m/Shalwar Length 2.5m and Width 0.96m/,Chiffon,Yellow,PKR 9576,PKR 13680,30%,3Pc,FALSE
Shirt Shalwar Dupatta,Embroidered Chiffon Shirt Length 3.0m and Width 0.96m/Printed Chiffon Dupatta Length 2.5m and Width 0.96m/Dyed Inner Fabric Length 2.5m and Width 0.96m/Shalwar Length 2.5m and Width 0.96m/,Chiffon,Grey,PKR 9576,PKR 13680,30%,3Pc,FALSE
Shirt Shalwar Dupatta,Embroidered Chiffon Shirt Length 3.0m and Width 0.96m/Printed Chiffon Dupatta Length 2.5m and Width 0.96m/Dyed Inner Fabric Length 2.5m and Width 0.96m/Shalwar Length 2.5m and Width 0.96m/Embroidered Organza Gala/,Chiffon,Blue,PKR 9576,PKR 13680,30%,3Pc,FALSE
Shirt Shalwar Dupatta,Embroidered Chiffon Shirt Length 3.0m and Width 0.96m/Digital Printed Tissue Silk Dupatta Length 2.5m and Width 0.96m/Dyed Inner Fabric Length 2.5m and Width 0.96m/Shalwar Length 2.5m and Width 0.96m/,Chiffon,Blue,PKR 9576,PKR 13680,30%,3Pc,FALSE
Shirt Shalwar Dupatta,Embroidered Chiffon Shirt Length 3.0m and Width 0.96m/Digital Printed Tissue Silk Dupatta Length 2.5m and Width 0.96m/Dyed Inner Fabric Length 2.5m and Width 0.96m/Shalwar Length 2.5m and Width 0.96m/Embroidered Organza Patti/,Chiffon,Coral,PKR 9576,PKR 13680,30%,3Pc,FALSE
Shirt Shalwar Dupatta,Embroidered Chiffon Shirt Length 3.0m and Width 0.96m/Printed Chiffon Dupatta Length 2.5m and Width 0.96m/Dyed Inner Fabric Length 2.5m and Width 0.96m/Shalwar Length 2.5m and Width 0.96m/Embroidered Organza Patti./,Chiffon,Lilac,PKR 9576,PKR 13680,30%,3Pc,FALSE
Shirt Dupatta,Embroidered Lawn Print Kameez 3.0m/Lawn Printed Dupatta 2.5m/,Lawn,Blue,PKR 2400,,,2Pc,FALSE
Shirt Shalwar Dupatta,Front Lawn Print Embroidered 1.25m/Back Lawn Printed 1.25m/Sleeves Lawn Printed 0.5m/Self Brosha Dupatta 2.5m/Shalwar 2.5m/,Lawn,Pink,PKR 4500,,,3Pc,FALSE
Shirt Shalwar Dupatta,Zari Embroidered Oak Silk Shirt Front Panel 0.25m/Zari Embroidered Oak Silk Shirt Side Panel 1.0m Zari Embroidered Oak Silk Shirt Back 1.25m/Zari Embroidered Oak Silk Sleeves 0.75m/Zari Embroidered Oak Silk Border 1.0m Dyed Cotton Satin Pants 2.5m/Printed Tissue Silk Dupatta 2.5m/,Oak Silk,Beige,PKR 10000,,,3Pc,FALSE
Shirt Dupatta,Embroidered Lawn Print Kameez 3.0m/Lawn Printed Dupatta 2.5m/,Lawn,Blue,PKR 2400,,,2Pc,FALSE
Shirt Shalwar Dupatta,Front Lawn Print Embroidered 1.25m/Back Lawn Printed 1.25m/Sleeves Lawn Printed 0.5m/Self Brosha Dupatta 2.5m/Shalwar 2.5m/,Lawn,Red,PKR 4500,,,3Pc,FALSE
Shirt Dupatta,Embroidered Lawn Print Kameez 3.0m/Lawn Printed Dupatta 2.5m/,Lawn,Green,PKR 2400,,,2Pc,FALSE
Shirt Shalwar Dupatta,Front Lawn Print Embroidered 1.25m/Back Lawn Printed 1.25m/Sleeves Lawn Printed 0.5m/Self Brosha Dupatta 2.5m/Shalwar 2.5m/,Lawn,Purple,PKR 4500,,,3Pc,FALSE
Shirt Dupatta,Embroidered Lawn Print Kameez 3.0m/Lawn Printed Dupatta 2.5m/,Lawn,Beige,PKR 2400,,,2Pc,FALSE
Shirt Shalwar,Front & Back Lawn Print Embroidered 2.5m/Sleeve Lawn Printed 0.75m/Shalwar 2.5m/,Lawn,Orange,PKR 2400,,,2Pc,FALSE
Shirt Shalwar Dupatta,Zari Embroidered Raw Silk Shirt Front 1.25m/Zari Embroidered Raw Silk Shirt Back 1.25m/Zari Embroidered Raw Silk Sleeves 0.75m/Zari Embroidered Raw Silk Border 2.0m/Dyed Cotton Satin Pants 2.5m/Printed Tissue Silk Dupatta 2.5m/,Raw Silk,Blue,PKR 12000,,,3Pc,FALSE
Shirt Shalwar,Front & Back Lawn Print Embroidered 2.5m/Sleeve Lawn Printed 0.5m/Shalwar 2.5m/,Lawn,Rust,PKR 2400,,,2Pc,FALSE
Shirt Shalwar Dupatta,Zari Embroidered Raw Silk Shirt Front 1.25m/Zari Embroidered Raw Silk Shirt Back 1.25m/Zari Embroidered Raw Silk Sleeves 0.75m/Zari Embroidered Raw Silk Border 2.0m/Dyed Cotton Satin Pants 2.5m/Printed Pure Chiffon Dupatta 2.5m/,Raw Silk,Beige,PKR 12000,,,3Pc,FALSE
Shirt Shalwar,Front & Back Lawn Print Embroidered 2.5m/Sleeve Lawn Printed 1.0m/Shalwar 2.5m/,Lawn,Peach,PKR 2400,,,2Pc,FALSE
Shirt Shalwar Dupatta,Zari Embroidered Pure Chiffon Shirt Front 1.25m/Zari Embroidered Pure Chiffon Shirt Back 1.25m/Zari Embroidered Pure Chiffon Sleeves 0.75m/Dyed Lawn Inner 2.5m/Dyed Cotton Satin Pants 2.5m/Printed Pure Chiffon Dupatta 2.5m/,Chiffon,Blue,PKR 13001,,,3Pc,FALSE
Shirt Shalwar Dupatta,Lawn Printed Shirt 3.0m/Embroidered Chiffon Print Dupatta 2.5m/Shalwar 2.5m/Embroidered Organza Patti/,Lawn,Red,PKR 7900,,,3Pc,FALSE
Shirt Shalwar,Front & Back Lawn Print Embroidered 2.5m/Sleeve Lawn Printed 1.0m/Shalwar 2.5m/,Lawn,Black,PKR 2400,,,2Pc,FALSE
Shirt Shalwar Dupatta,Zari Embroidered Pure Chiffon Shirt Front 1.25m/Zari Embroidered Pure Chiffon Shirt Back 1.25m/Zari Embroidered Pure Chiffon Sleeves 0.75m/Zari Embroidered Organza Border 2.0m/Dyed Lawn Inner 2.5m/Dyed Cotton Satin Pants 2.5m/Printed Pure Chiffon Dupatta 2.5m/Zari Embroidered Organza Gala/,Chiffon,Pink,PKR 13001,,,3Pc,FALSE
Shirt Shalwar Dupatta,Embroidered Lawn Print Shirt 3.0m/Embroidered Chiffon Print Dupatta 2.5m/Shalwar 2.5m/,Lawn,Yellow,PKR 7900,,,3Pc,FALSE
Shirt Dupatta,Embroidered Lawn Print Kameez 3.0m/Lawn Printed Dupatta 2.5m/,Lawn,Red,PKR 2400,,,2Pc,FALSE
Shirt Shalwar Dupatta,Lawn Printed Shirt 3.0m/Embroidered Chiffon Print Dupatta 2.5m/Shalwar 2.5m/Embroidered Organza Patti/,Lawn,Blue,PKR 7900,,,3Pc,FALSE
Shirt Shalwar Dupatta,Zari Embroidered Oak Silk Shirt Front 1.25m/Zari Embroidered Oak Silk Shirt Back 1.25m/Zari Embroidered Oak Silk Sleeves 0.75m/Zari Embroidered Organza Border 3.0m/Dyed Cotton Satin Pants 2.5m/Printed Tissue Silk Dupatta 2.5m/,Oak Silk,Black,PKR 10000,,,3Pc,FALSE
Shirt Dupatta,Embroidered Lawn Print Kameez 3.0m/Lawn Printed Dupatta 2.5m/,Lawn,Yellow,PKR 2400,,,2Pc,FALSE
Shirt Shalwar Dupatta,Front Lawn Print Embroidered 1.25m/Back Lawn Printed 1.25m/Sleeves Lawn Printed 0.5m/Self Brosha Dupatta 2.5m/Shalwar 2.5m/,Lawn,Green,PKR 4500,,,3Pc,FALSE
Shirt Dupatta,Embroidered Lawn Print Kameez 3.0m/Lawn Printed Dupatta 2.5m/,Lawn,Orange,PKR 2400,,,2Pc,FALSE
Shirt Shalwar Dupatta,Front Lawn Print Embroidered 1.25m/Back Lawn Printed 1.25m/Sleeves Lawn Printed 0.5m/Self Brosha Dupatta 2.5m/Shalwar 2.5m/,Lawn,Grey,PKR 4500,,,3Pc,FALSE
Shirt Dupatta,Embroidered Lawn Print Kameez 3.0m/Lawn Printed Dupatta 2.5m/,Lawn,Blue,PKR 2400,,,2Pc,FALSE
Shirt Shalwar Dupatta,Front Lawn Print Embroidered 1.25m/Back Lawn Printed 1.25m/Sleeves Lawn Printed 0.5m/Self Brosha Dupatta 2.5m/Shalwar 2.5m/,Lawn,Blue,PKR 4500,,,3Pc,FALSE
Shirt Shalwar Dupatta,Zari Embroidered Raw Silk Shirt Front 1.25m/Zari Embroidered Raw Silk Shirt Back 1.25m/Zari Embroidered Raw Silk Sleeves 0.75m/Zari Embroidered Organza Border 2.0m/Dyed Cotton Satin Pants 2.5m/Printed Tissue Silk Dupatta 2.5m/Zari Embroidered Organza Gala /,Raw Silk,Black,PKR 12000,,,3Pc,FALSE
Shirt Shalwar,Front & Back Lawn Print Embroidered 2.5m/Sleeve Lawn Printed 0.75m/Shalwar 2.5m/,Lawn,Yellow,PKR 2400,,,2Pc,FALSE
Shirt Shalwar Dupatta,Zari Embroidered Raw Silk Shirt Front 1.25m/Zari Embroidered Raw Silk Shirt Back 1.25m/Zari Embroidered Raw Silk Sleeves 0.75m/Dyed Cotton Satin Pants 2.5m/Printed Tissue Silk Dupatta 2.5m/,Raw Silk,Pink,PKR 12000,,,3Pc,FALSE
Shirt Shalwar,Front & Back Lawn Print Embroidered 2.5m/Sleeve Lawn Printed 0.5m/Shalwar 2.5m/,Lawn,Blue,PKR 2400,,,2Pc,FALSE
Shirt Shalwar Dupatta,Zari Embroidered Pure Chiffon Shirt Front 1.25m/Zari Embroidered Pure Chiffon Shirt Back 1.25m/Zari Embroidered Pure Chiffon Sleeves 0.75m/Dyed Lawn Inner 2.5m/Dyed Cotton Satin Pants 2.5m/Printed Tissue Silk Dupatta 2.5m/,Chiffon,Black,PKR 13001,,,3Pc,FALSE
Shirt Shalwar Dupatta,Lawn Printed Shirt 3.0m/Embroidered Chiffon Print Dupatta 2.5m/Shalwar 2.5m/Embroidered Organza Patti/,Lawn,Blue,PKR 7900,,,3Pc,FALSE
Shirt Shalwar,Front & Back Lawn Print Embroidered 2.5m/Sleeve Lawn Printed 1.0m/Shalwar 2.5m/,Lawn,Grey,PKR 2400,,,2Pc,FALSE
Shirt Shalwar Dupatta,Zari Embroidered Pure Chiffon Shirt Front 1.25m/Zari Embroidered Pure Chiffon Shirt Back 1.25m/Zari Embroidered Pure Chiffon Sleeves 0.75m/Zari Embroidered Organza Border 2.0m/Dyed Lawn Inner 2.5m/Dyed Cotton Satin Pants 2.5m/Printed Pure Chiffon Dupatta 2.5m/Zari Embroidered Organza Gala/,Chiffon,Beige,PKR 13001,,,3Pc,FALSE
Shirt Shalwar Dupatta,Embroidered Lawn Print Shirt 3.0m/Embroidered Chiffon Print Dupatta 2.5m/Shalwar 2.5m/,Lawn,White,PKR 7900,,,3Pc,FALSE
Shirt Shalwar,Front & Back Lawn Print Embroidered 2.5m/Sleeve Lawn Printed 1.0m/Shalwar 2.5m/,Lawn,Blue,PKR 2400,,,2Pc,FALSE
Shirt Shalwar Dupatta,Lawn Printed Shirt 3.0m/Embroidered Chiffon Print Dupatta 2.5m/Shalwar 2.5m/Embroidered Organza Patti/,Lawn,Purple,PKR 7900,,,3Pc,FALSE
Shirt Shalwar Dupatta,Zari Embroidered Oak Silk Shirt Front 1.25m/Zari Embroidered Oak Silk Shirt Back 1.25m/Zari Embroidered Oak Silk Sleeves 0.75m/Dyed Cotton Satin Pants 2.5m/Printed Tissue Silk Dupatta 2.5m/,Oak Silk,Green,PKR 10000,,,3Pc,FALSE